<?xml version="1.0"?>
<BundleData>
  <bundleItemsData>
    <bundleItemData itemId="9ed9ad74-4ad9-4c05-a116-3ecc129f3202" dataTypeName="Sage.Platform.Projects.Localization.ResourcePackageCollection, Sage.Platform.Projects">
      <ArrayOfResourcePackage xmlns:xsi="http://www.w3.org/2001/XMLSchema-instance" xmlns:xsd="http://www.w3.org/2001/XMLSchema" />
      <ArrayOfString xmlns:xsi="http://www.w3.org/2001/XMLSchema-instance" xmlns:xsd="http://www.w3.org/2001/XMLSchema">
        <string>\Entity Model\Saleslogix Application Entities\Account\QuickForms\AccountMobileDetail.main.quickform.xml.resx</string>
      </ArrayOfString>
    </bundleItemData>
    <bundleItemData itemId="f6bdd825-af18-4dec-b812-a1e6e17dfdd2" dataTypeName="Sage.Platform.Projects.Localization.ResourcePackageCollection, Sage.Platform.Projects">
      <ArrayOfResourcePackage xmlns:xsi="http://www.w3.org/2001/XMLSchema-instance" xmlns:xsd="http://www.w3.org/2001/XMLSchema" />
      <ArrayOfString xmlns:xsi="http://www.w3.org/2001/XMLSchema-instance" xmlns:xsd="http://www.w3.org/2001/XMLSchema">
        <string>\Entity Model\Saleslogix Application Entities\Account\QuickForms\AccountMobileDetailEdit.main.quickform.xml.resx</string>
      </ArrayOfString>
    </bundleItemData>
    <bundleItemData itemId="5c70f670-7469-487b-ab20-27ad5ff8ddf7" dataTypeName="Sage.Platform.Projects.Localization.ResourcePackageCollection, Sage.Platform.Projects">
      <ArrayOfResourcePackage xmlns:xsi="http://www.w3.org/2001/XMLSchema-instance" xmlns:xsd="http://www.w3.org/2001/XMLSchema" />
      <ArrayOfString xmlns:xsi="http://www.w3.org/2001/XMLSchema-instance" xmlns:xsd="http://www.w3.org/2001/XMLSchema">
        <string>\Entity Model\Saleslogix Application Entities\Account\QuickForms\AccountMobileDetailMore.main.quickform.xml.resx</string>
      </ArrayOfString>
    </bundleItemData>
    <bundleItemData itemId="de626090-a2ec-4e42-89b4-d76e17407312" dataTypeName="Sage.Platform.Projects.Localization.ResourcePackageCollection, Sage.Platform.Projects">
      <ArrayOfResourcePackage xmlns:xsi="http://www.w3.org/2001/XMLSchema-instance" xmlns:xsd="http://www.w3.org/2001/XMLSchema" />
      <ArrayOfString xmlns:xsi="http://www.w3.org/2001/XMLSchema-instance" xmlns:xsd="http://www.w3.org/2001/XMLSchema">
        <string>\Entity Model\Saleslogix Application Entities\Contact\QuickForms\ContactMobileDetail.main.quickform.xml.resx</string>
      </ArrayOfString>
    </bundleItemData>
    <bundleItemData itemId="28462fee-e463-473d-b208-da3aa8fb58df" dataTypeName="Sage.Platform.Projects.Localization.ResourcePackageCollection, Sage.Platform.Projects">
      <ArrayOfResourcePackage xmlns:xsi="http://www.w3.org/2001/XMLSchema-instance" xmlns:xsd="http://www.w3.org/2001/XMLSchema" />
      <ArrayOfString xmlns:xsi="http://www.w3.org/2001/XMLSchema-instance" xmlns:xsd="http://www.w3.org/2001/XMLSchema">
        <string>\Entity Model\Saleslogix Application Entities\Contact\QuickForms\ContactMobileDetailEdit.main.quickform.xml.resx</string>
      </ArrayOfString>
    </bundleItemData>
    <bundleItemData itemId="026ecd82-2fcc-46b8-96c7-da46d39becac" dataTypeName="Sage.Platform.Projects.Localization.ResourcePackageCollection, Sage.Platform.Projects">
      <ArrayOfResourcePackage xmlns:xsi="http://www.w3.org/2001/XMLSchema-instance" xmlns:xsd="http://www.w3.org/2001/XMLSchema" />
      <ArrayOfString xmlns:xsi="http://www.w3.org/2001/XMLSchema-instance" xmlns:xsd="http://www.w3.org/2001/XMLSchema">
        <string>\Entity Model\Saleslogix Application Entities\Contact\QuickForms\ContactMobileDetailMore.main.quickform.xml.resx</string>
      </ArrayOfString>
    </bundleItemData>
    <bundleItemData itemId="5f1dbdcf-4784-4615-930e-d592da8c5371" dataTypeName="Sage.Platform.Projects.Localization.ResourcePackageCollection, Sage.Platform.Projects">
      <ArrayOfResourcePackage xmlns:xsi="http://www.w3.org/2001/XMLSchema-instance" xmlns:xsd="http://www.w3.org/2001/XMLSchema" />
      <ArrayOfString xmlns:xsi="http://www.w3.org/2001/XMLSchema-instance" xmlns:xsd="http://www.w3.org/2001/XMLSchema">
        <string>\Entity Model\Saleslogix Application Entities\Lead\QuickForms\LeadMobileDetail.main.quickform.xml.resx</string>
      </ArrayOfString>
    </bundleItemData>
    <bundleItemData itemId="54655c0a-3b9e-464d-a62b-a91084d484a2" dataTypeName="Sage.Platform.Projects.Localization.ResourcePackageCollection, Sage.Platform.Projects">
      <ArrayOfResourcePackage xmlns:xsi="http://www.w3.org/2001/XMLSchema-instance" xmlns:xsd="http://www.w3.org/2001/XMLSchema" />
      <ArrayOfString xmlns:xsi="http://www.w3.org/2001/XMLSchema-instance" xmlns:xsd="http://www.w3.org/2001/XMLSchema">
        <string>\Entity Model\Saleslogix Application Entities\Lead\QuickForms\LeadMobileDetailEdit.main.quickform.xml.resx</string>
      </ArrayOfString>
    </bundleItemData>
    <bundleItemData itemId="7274c4b1-8dfa-4023-9a5b-5fd162e81fae" dataTypeName="Sage.Platform.Projects.Localization.ResourcePackageCollection, Sage.Platform.Projects">
      <ArrayOfResourcePackage xmlns:xsi="http://www.w3.org/2001/XMLSchema-instance" xmlns:xsd="http://www.w3.org/2001/XMLSchema" />
      <ArrayOfString xmlns:xsi="http://www.w3.org/2001/XMLSchema-instance" xmlns:xsd="http://www.w3.org/2001/XMLSchema">
        <string>\Entity Model\Saleslogix Application Entities\Lead\QuickForms\LeadMobileDetailMore.main.quickform.xml.resx</string>
      </ArrayOfString>
    </bundleItemData>
    <bundleItemData itemId="464ec3ed-3051-4a9c-9986-5de237f83559" dataTypeName="Sage.Platform.Projects.Localization.ResourcePackageCollection, Sage.Platform.Projects">
      <ArrayOfResourcePackage xmlns:xsi="http://www.w3.org/2001/XMLSchema-instance" xmlns:xsd="http://www.w3.org/2001/XMLSchema" />
      <ArrayOfString xmlns:xsi="http://www.w3.org/2001/XMLSchema-instance" xmlns:xsd="http://www.w3.org/2001/XMLSchema">
        <string>\Entity Model\Saleslogix Application Entities\Opportunity\QuickForms\OpportunityMobileDetail.main.quickform.xml.resx</string>
      </ArrayOfString>
    </bundleItemData>
    <bundleItemData itemId="c7dab3a6-4b2c-474c-9f1d-c481dee1555e" dataTypeName="Sage.Platform.Projects.Localization.ResourcePackageCollection, Sage.Platform.Projects">
      <ArrayOfResourcePackage xmlns:xsi="http://www.w3.org/2001/XMLSchema-instance" xmlns:xsd="http://www.w3.org/2001/XMLSchema" />
      <ArrayOfString xmlns:xsi="http://www.w3.org/2001/XMLSchema-instance" xmlns:xsd="http://www.w3.org/2001/XMLSchema">
        <string>\Entity Model\Saleslogix Application Entities\Opportunity\QuickForms\OpportunityMobileDetailMore.main.quickform.xml.resx</string>
      </ArrayOfString>
    </bundleItemData>
    <bundleItemData itemId="cbc55423-e936-4dd0-b8e2-46a49636c2d5" dataTypeName="Sage.Platform.Projects.Localization.ResourcePackageCollection, Sage.Platform.Projects">
      <ArrayOfResourcePackage xmlns:xsi="http://www.w3.org/2001/XMLSchema-instance" xmlns:xsd="http://www.w3.org/2001/XMLSchema" />
      <ArrayOfString xmlns:xsi="http://www.w3.org/2001/XMLSchema-instance" xmlns:xsd="http://www.w3.org/2001/XMLSchema">
        <string>\Entity Model\Saleslogix Application Entities\Opportunity\QuickForms\OpportunityMobileDetailEdit.main.quickform.xml.resx</string>
      </ArrayOfString>
    </bundleItemData>
    <bundleItemData itemId="b0d60425-2c55-4e1e-9629-0764d03485f5" dataTypeName="Sage.Platform.Projects.Localization.ResourcePackageCollection, Sage.Platform.Projects">
      <ArrayOfResourcePackage xmlns:xsi="http://www.w3.org/2001/XMLSchema-instance" xmlns:xsd="http://www.w3.org/2001/XMLSchema" />
      <ArrayOfString xmlns:xsi="http://www.w3.org/2001/XMLSchema-instance" xmlns:xsd="http://www.w3.org/2001/XMLSchema">
        <string>\Entity Model\Saleslogix Application Entities\Ticket\QuickForms\TicketMobileDetail.main.quickform.xml.resx</string>
      </ArrayOfString>
    </bundleItemData>
    <bundleItemData itemId="fc5080d1-2d69-4544-96eb-01d712c7a305" dataTypeName="Sage.Platform.Projects.Localization.ResourcePackageCollection, Sage.Platform.Projects">
      <ArrayOfResourcePackage xmlns:xsi="http://www.w3.org/2001/XMLSchema-instance" xmlns:xsd="http://www.w3.org/2001/XMLSchema" />
      <ArrayOfString xmlns:xsi="http://www.w3.org/2001/XMLSchema-instance" xmlns:xsd="http://www.w3.org/2001/XMLSchema">
        <string>\Entity Model\Saleslogix Application Entities\Ticket\QuickForms\TicketMobileDetailMore.main.quickform.xml.resx</string>
      </ArrayOfString>
    </bundleItemData>
    <bundleItemData itemId="628e6036-81fe-4efc-a258-288e2276b2cb" dataTypeName="Sage.Platform.Projects.Localization.ResourcePackageCollection, Sage.Platform.Projects">
      <ArrayOfResourcePackage xmlns:xsi="http://www.w3.org/2001/XMLSchema-instance" xmlns:xsd="http://www.w3.org/2001/XMLSchema" />
      <ArrayOfString xmlns:xsi="http://www.w3.org/2001/XMLSchema-instance" xmlns:xsd="http://www.w3.org/2001/XMLSchema">
        <string>\Entity Model\Saleslogix Application Entities\Ticket\QuickForms\TicketMobileDetailEdit.main.quickform.xml.resx</string>
      </ArrayOfString>
    </bundleItemData>
  </bundleItemsData>
  <bundleActionsData />
  <deletedItemData />
</BundleData>