<?xml version="1.0"?>
<BundleManifest id="5b9afc6f-dd8b-4db6-a4d8-193916c966fe">
  <bundleProperties>
    <name>SalesLogixMobileModelV33</name>
    <description><![CDATA[]]></description>
    <address><![CDATA[]]></address>
    <company />
    <copyright><![CDATA[]]></copyright>
    <majorVersion>0</majorVersion>
    <minorVersion>0</minorVersion>
    <revision>0</revision>
    <build>2</build>
    <autoIncrement>false</autoIncrement>
    <installDate>0001-01-01T00:00:00</installDate>
    <installPassword />
    <formatVersion>8.2.0.1024</formatVersion>
  </bundleProperties>
  <bundleItemHierarchy>
    <bundleItem modelId="af988c91-97c8-4527-b072-e021c9e2cb1a" itemTypeName="Sage.Platform.BundleModel.BundleManifestItem, Sage.Platform.BundleModel">
      <BundleManifestItem xmlns:xsi="http://www.w3.org/2001/XMLSchema-instance" xmlns:xsd="http://www.w3.org/2001/XMLSchema">
        <ItemId>5b9afc6f-dd8b-4db6-a4d8-193916c966fe</ItemId>
        <Url>\</Url>
        <BundleItemType>Container</BundleItemType>
        <Caption>SalesLogixMobileModelV33</Caption>
      </BundleManifestItem>
      <children>
        <bundleItem modelId="a7bdd2d9-93b0-499d-9fd4-c3f7a5f94e28" itemTypeName="Sage.Platform.Orm.Entities.BundleSupport.EntityModelContext, Sage.Platform">
          <EntityModelContext xmlns:xsi="http://www.w3.org/2001/XMLSchema-instance" xmlns:xsd="http://www.w3.org/2001/XMLSchema">
            <ItemId>entitymodel</ItemId>
            <Url>\::Entity Model</Url>
            <BundleItemType>Container</BundleItemType>
            <Caption>Entity Model</Caption>
          </EntityModelContext>
          <children>
            <bundleItem modelId="a7bdd2d9-93b0-499d-9fd4-c3f7a5f94e28" itemTypeName="Sage.Platform.Orm.Entities.BundleSupport.PackagesContext, Sage.Platform">
              <PackagesContext xmlns:xsi="http://www.w3.org/2001/XMLSchema-instance" xmlns:xsd="http://www.w3.org/2001/XMLSchema">
                <ItemId>entitymodel\packages</ItemId>
                <Url>\::Entity Model::Packages</Url>
                <BundleItemType>Container</BundleItemType>
                <Caption>Packages</Caption>
              </PackagesContext>
              <children>
                <bundleItem modelId="a7bdd2d9-93b0-499d-9fd4-c3f7a5f94e28" itemTypeName="Sage.Platform.Orm.Entities.BundleSupport.PackageBundleItem, Sage.Platform">
                  <PackageBundleItem xmlns:xsi="http://www.w3.org/2001/XMLSchema-instance" xmlns:xsd="http://www.w3.org/2001/XMLSchema">
                    <ItemId>7ddc7cbe-e71d-483a-8599-6c5c483ee050</ItemId>
                    <Url>\Entity Model\Saleslogix Application Entities\SalesLogix Application Entities.T.package.xml</Url>
                    <BundleItemType>Context</BundleItemType>
                    <Caption>Saleslogix Application Entities</Caption>
                  </PackageBundleItem>
                  <children>
                    <bundleItem modelId="a7bdd2d9-93b0-499d-9fd4-c3f7a5f94e28" itemTypeName="Sage.Platform.Orm.Entities.BundleSupport.EntityBundleItem, Sage.Platform">
                      <EntityBundleItem xmlns:xsi="http://www.w3.org/2001/XMLSchema-instance" xmlns:xsd="http://www.w3.org/2001/XMLSchema">
                        <ItemId>ebfd715e-2b2f-4e5e-8c6d-cfc0d9b4ae52</ItemId>
                        <Url>\Entity Model\Saleslogix Application Entities\Account\Account.ACCOUNT.entity.xml</Url>
                        <BundleItemType>Context</BundleItemType>
                        <Caption>Account</Caption>
                      </EntityBundleItem>
                      <children>
                        <bundleItem modelId="a7bdd2d9-93b0-499d-9fd4-c3f7a5f94e28" itemTypeName="Sage.Platform.Orm.Entities.BundleSupport.EntitySubFolderContext, Sage.Platform">
                          <EntitySubFolderContext xmlns:xsi="http://www.w3.org/2001/XMLSchema-instance" xmlns:xsd="http://www.w3.org/2001/XMLSchema">
                            <ItemId>ebfd715e-2b2f-4e5e-8c6d-cfc0d9b4ae52quickforms</ItemId>
                            <Url>\Entity Model\Saleslogix Application Entities\Account\Account.ACCOUNT.entity.xml::Forms</Url>
                            <BundleItemType>Container</BundleItemType>
                            <Caption>Forms</Caption>
                            <ParentUrl>\Entity Model\Saleslogix Application Entities\Account\Account.ACCOUNT.entity.xml</ParentUrl>
                            <CaptionKey>quickforms</CaptionKey>
                          </EntitySubFolderContext>
                          <children>
                            <bundleItem modelId="b2741b79-02a2-4f4c-81cd-c204f82cf41c" itemTypeName="Sage.Platform.QuickForms.BundleSupport.QuickFormBundleItem, Sage.Platform.QuickForms">
                              <QuickFormBundleItem xmlns:xsi="http://www.w3.org/2001/XMLSchema-instance" xmlns:xsd="http://www.w3.org/2001/XMLSchema">
                                <ItemId>9ed9ad74-4ad9-4c05-a116-3ecc129f3202</ItemId>
                                <Url>\Entity Model\Saleslogix Application Entities\Account\QuickForms\AccountMobileDetail.main.quickform.xml</Url>
                                <BundleItemType>ModelItem</BundleItemType>
                                <Caption>AccountMobileDetail</Caption>
                              </QuickFormBundleItem>
                            </bundleItem>
                            <bundleItem modelId="b2741b79-02a2-4f4c-81cd-c204f82cf41c" itemTypeName="Sage.Platform.QuickForms.BundleSupport.QuickFormBundleItem, Sage.Platform.QuickForms">
                              <QuickFormBundleItem xmlns:xsi="http://www.w3.org/2001/XMLSchema-instance" xmlns:xsd="http://www.w3.org/2001/XMLSchema">
                                <ItemId>f6bdd825-af18-4dec-b812-a1e6e17dfdd2</ItemId>
                                <Url>\Entity Model\Saleslogix Application Entities\Account\QuickForms\AccountMobileDetailEdit.main.quickform.xml</Url>
                                <BundleItemType>ModelItem</BundleItemType>
                                <Caption>AccountMobileDetailEdit</Caption>
                              </QuickFormBundleItem>
                            </bundleItem>
                            <bundleItem modelId="b2741b79-02a2-4f4c-81cd-c204f82cf41c" itemTypeName="Sage.Platform.QuickForms.BundleSupport.QuickFormBundleItem, Sage.Platform.QuickForms">
                              <QuickFormBundleItem xmlns:xsi="http://www.w3.org/2001/XMLSchema-instance" xmlns:xsd="http://www.w3.org/2001/XMLSchema">
                                <ItemId>5c70f670-7469-487b-ab20-27ad5ff8ddf7</ItemId>
                                <Url>\Entity Model\Saleslogix Application Entities\Account\QuickForms\AccountMobileDetailMore.main.quickform.xml</Url>
                                <BundleItemType>ModelItem</BundleItemType>
                                <Caption>AccountMobileDetailMore</Caption>
                              </QuickFormBundleItem>
                            </bundleItem>
                          </children>
                        </bundleItem>
                      </children>
                    </bundleItem>
                    <bundleItem modelId="a7bdd2d9-93b0-499d-9fd4-c3f7a5f94e28" itemTypeName="Sage.Platform.Orm.Entities.BundleSupport.EntityBundleItem, Sage.Platform">
                      <EntityBundleItem xmlns:xsi="http://www.w3.org/2001/XMLSchema-instance" xmlns:xsd="http://www.w3.org/2001/XMLSchema">
                        <ItemId>750a7f26-3604-467b-94fe-249370231df4</ItemId>
                        <Url>\Entity Model\Saleslogix Application Entities\Contact\Contact.CONTACT.entity.xml</Url>
                        <BundleItemType>Context</BundleItemType>
                        <Caption>Contact</Caption>
                      </EntityBundleItem>
                      <children>
                        <bundleItem modelId="a7bdd2d9-93b0-499d-9fd4-c3f7a5f94e28" itemTypeName="Sage.Platform.Orm.Entities.BundleSupport.EntitySubFolderContext, Sage.Platform">
                          <EntitySubFolderContext xmlns:xsi="http://www.w3.org/2001/XMLSchema-instance" xmlns:xsd="http://www.w3.org/2001/XMLSchema">
                            <ItemId>750a7f26-3604-467b-94fe-249370231df4quickforms</ItemId>
                            <Url>\Entity Model\Saleslogix Application Entities\Contact\Contact.CONTACT.entity.xml::Forms</Url>
                            <BundleItemType>Container</BundleItemType>
                            <Caption>Forms</Caption>
                            <ParentUrl>\Entity Model\Saleslogix Application Entities\Contact\Contact.CONTACT.entity.xml</ParentUrl>
                            <CaptionKey>quickforms</CaptionKey>
                          </EntitySubFolderContext>
                          <children>
                            <bundleItem modelId="b2741b79-02a2-4f4c-81cd-c204f82cf41c" itemTypeName="Sage.Platform.QuickForms.BundleSupport.QuickFormBundleItem, Sage.Platform.QuickForms">
                              <QuickFormBundleItem xmlns:xsi="http://www.w3.org/2001/XMLSchema-instance" xmlns:xsd="http://www.w3.org/2001/XMLSchema">
                                <ItemId>de626090-a2ec-4e42-89b4-d76e17407312</ItemId>
                                <Url>\Entity Model\Saleslogix Application Entities\Contact\QuickForms\ContactMobileDetail.main.quickform.xml</Url>
                                <BundleItemType>ModelItem</BundleItemType>
                                <Caption>ContactMobileDetail</Caption>
                              </QuickFormBundleItem>
                            </bundleItem>
                            <bundleItem modelId="b2741b79-02a2-4f4c-81cd-c204f82cf41c" itemTypeName="Sage.Platform.QuickForms.BundleSupport.QuickFormBundleItem, Sage.Platform.QuickForms">
                              <QuickFormBundleItem xmlns:xsi="http://www.w3.org/2001/XMLSchema-instance" xmlns:xsd="http://www.w3.org/2001/XMLSchema">
                                <ItemId>28462fee-e463-473d-b208-da3aa8fb58df</ItemId>
                                <Url>\Entity Model\Saleslogix Application Entities\Contact\QuickForms\ContactMobileDetailEdit.main.quickform.xml</Url>
                                <BundleItemType>ModelItem</BundleItemType>
                                <Caption>ContactMobileDetailEdit</Caption>
                              </QuickFormBundleItem>
                            </bundleItem>
                            <bundleItem modelId="b2741b79-02a2-4f4c-81cd-c204f82cf41c" itemTypeName="Sage.Platform.QuickForms.BundleSupport.QuickFormBundleItem, Sage.Platform.QuickForms">
                              <QuickFormBundleItem xmlns:xsi="http://www.w3.org/2001/XMLSchema-instance" xmlns:xsd="http://www.w3.org/2001/XMLSchema">
                                <ItemId>026ecd82-2fcc-46b8-96c7-da46d39becac</ItemId>
                                <Url>\Entity Model\Saleslogix Application Entities\Contact\QuickForms\ContactMobileDetailMore.main.quickform.xml</Url>
                                <BundleItemType>ModelItem</BundleItemType>
                                <Caption>ContactMobileDetailMore</Caption>
                              </QuickFormBundleItem>
                            </bundleItem>
                          </children>
                        </bundleItem>
                      </children>
                    </bundleItem>
                    <bundleItem modelId="a7bdd2d9-93b0-499d-9fd4-c3f7a5f94e28" itemTypeName="Sage.Platform.Orm.Entities.BundleSupport.EntityBundleItem, Sage.Platform">
                      <EntityBundleItem xmlns:xsi="http://www.w3.org/2001/XMLSchema-instance" xmlns:xsd="http://www.w3.org/2001/XMLSchema">
                        <ItemId>27f9e8e9-34d8-4eaf-8fd7-c70d133e6f90</ItemId>
                        <Url>\Entity Model\Saleslogix Application Entities\Lead\Lead.LEAD.entity.xml</Url>
                        <BundleItemType>Context</BundleItemType>
                        <Caption>Lead</Caption>
                      </EntityBundleItem>
                      <children>
                        <bundleItem modelId="a7bdd2d9-93b0-499d-9fd4-c3f7a5f94e28" itemTypeName="Sage.Platform.Orm.Entities.BundleSupport.EntitySubFolderContext, Sage.Platform">
                          <EntitySubFolderContext xmlns:xsi="http://www.w3.org/2001/XMLSchema-instance" xmlns:xsd="http://www.w3.org/2001/XMLSchema">
                            <ItemId>27f9e8e9-34d8-4eaf-8fd7-c70d133e6f90quickforms</ItemId>
                            <Url>\Entity Model\Saleslogix Application Entities\Lead\Lead.LEAD.entity.xml::Forms</Url>
                            <BundleItemType>Container</BundleItemType>
                            <Caption>Forms</Caption>
                            <ParentUrl>\Entity Model\Saleslogix Application Entities\Lead\Lead.LEAD.entity.xml</ParentUrl>
                            <CaptionKey>quickforms</CaptionKey>
                          </EntitySubFolderContext>
                          <children>
                            <bundleItem modelId="b2741b79-02a2-4f4c-81cd-c204f82cf41c" itemTypeName="Sage.Platform.QuickForms.BundleSupport.QuickFormBundleItem, Sage.Platform.QuickForms">
                              <QuickFormBundleItem xmlns:xsi="http://www.w3.org/2001/XMLSchema-instance" xmlns:xsd="http://www.w3.org/2001/XMLSchema">
                                <ItemId>5f1dbdcf-4784-4615-930e-d592da8c5371</ItemId>
                                <Url>\Entity Model\Saleslogix Application Entities\Lead\QuickForms\LeadMobileDetail.main.quickform.xml</Url>
                                <BundleItemType>ModelItem</BundleItemType>
                                <Caption>LeadMobileDetail</Caption>
                              </QuickFormBundleItem>
                            </bundleItem>
                            <bundleItem modelId="b2741b79-02a2-4f4c-81cd-c204f82cf41c" itemTypeName="Sage.Platform.QuickForms.BundleSupport.QuickFormBundleItem, Sage.Platform.QuickForms">
                              <QuickFormBundleItem xmlns:xsi="http://www.w3.org/2001/XMLSchema-instance" xmlns:xsd="http://www.w3.org/2001/XMLSchema">
                                <ItemId>54655c0a-3b9e-464d-a62b-a91084d484a2</ItemId>
                                <Url>\Entity Model\Saleslogix Application Entities\Lead\QuickForms\LeadMobileDetailEdit.main.quickform.xml</Url>
                                <BundleItemType>ModelItem</BundleItemType>
                                <Caption>LeadMobileDetailEdit</Caption>
                              </QuickFormBundleItem>
                            </bundleItem>
                            <bundleItem modelId="b2741b79-02a2-4f4c-81cd-c204f82cf41c" itemTypeName="Sage.Platform.QuickForms.BundleSupport.QuickFormBundleItem, Sage.Platform.QuickForms">
                              <QuickFormBundleItem xmlns:xsi="http://www.w3.org/2001/XMLSchema-instance" xmlns:xsd="http://www.w3.org/2001/XMLSchema">
                                <ItemId>7274c4b1-8dfa-4023-9a5b-5fd162e81fae</ItemId>
                                <Url>\Entity Model\Saleslogix Application Entities\Lead\QuickForms\LeadMobileDetailMore.main.quickform.xml</Url>
                                <BundleItemType>ModelItem</BundleItemType>
                                <Caption>LeadMobileDetailMore</Caption>
                              </QuickFormBundleItem>
                            </bundleItem>
                          </children>
                        </bundleItem>
                      </children>
                    </bundleItem>
                    <bundleItem modelId="a7bdd2d9-93b0-499d-9fd4-c3f7a5f94e28" itemTypeName="Sage.Platform.Orm.Entities.BundleSupport.EntityBundleItem, Sage.Platform">
                      <EntityBundleItem xmlns:xsi="http://www.w3.org/2001/XMLSchema-instance" xmlns:xsd="http://www.w3.org/2001/XMLSchema">
                        <ItemId>3172551b-f476-45ea-98de-2bb04ddba687</ItemId>
                        <Url>\Entity Model\Saleslogix Application Entities\Opportunity\Opportunity.OPPORTUNITY.entity.xml</Url>
                        <BundleItemType>Context</BundleItemType>
                        <Caption>Opportunity</Caption>
                      </EntityBundleItem>
                      <children>
                        <bundleItem modelId="a7bdd2d9-93b0-499d-9fd4-c3f7a5f94e28" itemTypeName="Sage.Platform.Orm.Entities.BundleSupport.EntitySubFolderContext, Sage.Platform">
                          <EntitySubFolderContext xmlns:xsi="http://www.w3.org/2001/XMLSchema-instance" xmlns:xsd="http://www.w3.org/2001/XMLSchema">
                            <ItemId>3172551b-f476-45ea-98de-2bb04ddba687quickforms</ItemId>
                            <Url>\Entity Model\Saleslogix Application Entities\Opportunity\Opportunity.OPPORTUNITY.entity.xml::Forms</Url>
                            <BundleItemType>Container</BundleItemType>
                            <Caption>Forms</Caption>
                            <ParentUrl>\Entity Model\Saleslogix Application Entities\Opportunity\Opportunity.OPPORTUNITY.entity.xml</ParentUrl>
                            <CaptionKey>quickforms</CaptionKey>
                          </EntitySubFolderContext>
                          <children>
                            <bundleItem modelId="b2741b79-02a2-4f4c-81cd-c204f82cf41c" itemTypeName="Sage.Platform.QuickForms.BundleSupport.QuickFormBundleItem, Sage.Platform.QuickForms">
                              <QuickFormBundleItem xmlns:xsi="http://www.w3.org/2001/XMLSchema-instance" xmlns:xsd="http://www.w3.org/2001/XMLSchema">
                                <ItemId>464ec3ed-3051-4a9c-9986-5de237f83559</ItemId>
                                <Url>\Entity Model\Saleslogix Application Entities\Opportunity\QuickForms\OpportunityMobileDetail.main.quickform.xml</Url>
                                <BundleItemType>ModelItem</BundleItemType>
                                <Caption>OpportunityMobileDetail</Caption>
                              </QuickFormBundleItem>
                            </bundleItem>
                            <bundleItem modelId="b2741b79-02a2-4f4c-81cd-c204f82cf41c" itemTypeName="Sage.Platform.QuickForms.BundleSupport.QuickFormBundleItem, Sage.Platform.QuickForms">
                              <QuickFormBundleItem xmlns:xsi="http://www.w3.org/2001/XMLSchema-instance" xmlns:xsd="http://www.w3.org/2001/XMLSchema">
                                <ItemId>c7dab3a6-4b2c-474c-9f1d-c481dee1555e</ItemId>
                                <Url>\Entity Model\Saleslogix Application Entities\Opportunity\QuickForms\OpportunityMobileDetailMore.main.quickform.xml</Url>
                                <BundleItemType>ModelItem</BundleItemType>
                                <Caption>OpportunityMobileDetailMore</Caption>
                              </QuickFormBundleItem>
                            </bundleItem>
                            <bundleItem modelId="b2741b79-02a2-4f4c-81cd-c204f82cf41c" itemTypeName="Sage.Platform.QuickForms.BundleSupport.QuickFormBundleItem, Sage.Platform.QuickForms">
                              <QuickFormBundleItem xmlns:xsi="http://www.w3.org/2001/XMLSchema-instance" xmlns:xsd="http://www.w3.org/2001/XMLSchema">
                                <ItemId>cbc55423-e936-4dd0-b8e2-46a49636c2d5</ItemId>
                                <Url>\Entity Model\Saleslogix Application Entities\Opportunity\QuickForms\OpportunityMobileDetailEdit.main.quickform.xml</Url>
                                <BundleItemType>ModelItem</BundleItemType>
                                <Caption>OpportunityMobileDetailEdit</Caption>
                              </QuickFormBundleItem>
                            </bundleItem>
                          </children>
                        </bundleItem>
                      </children>
                    </bundleItem>
                    <bundleItem modelId="a7bdd2d9-93b0-499d-9fd4-c3f7a5f94e28" itemTypeName="Sage.Platform.Orm.Entities.BundleSupport.EntityBundleItem, Sage.Platform">
                      <EntityBundleItem xmlns:xsi="http://www.w3.org/2001/XMLSchema-instance" xmlns:xsd="http://www.w3.org/2001/XMLSchema">
                        <ItemId>e7a70408-03cb-4667-890b-39de33fb739b</ItemId>
                        <Url>\Entity Model\Saleslogix Application Entities\Ticket\Ticket.TICKET.entity.xml</Url>
                        <BundleItemType>Context</BundleItemType>
                        <Caption>Ticket</Caption>
                      </EntityBundleItem>
                      <children>
                        <bundleItem modelId="a7bdd2d9-93b0-499d-9fd4-c3f7a5f94e28" itemTypeName="Sage.Platform.Orm.Entities.BundleSupport.EntitySubFolderContext, Sage.Platform">
                          <EntitySubFolderContext xmlns:xsi="http://www.w3.org/2001/XMLSchema-instance" xmlns:xsd="http://www.w3.org/2001/XMLSchema">
                            <ItemId>e7a70408-03cb-4667-890b-39de33fb739bquickforms</ItemId>
                            <Url>\Entity Model\Saleslogix Application Entities\Ticket\Ticket.TICKET.entity.xml::Forms</Url>
                            <BundleItemType>Container</BundleItemType>
                            <Caption>Forms</Caption>
                            <ParentUrl>\Entity Model\Saleslogix Application Entities\Ticket\Ticket.TICKET.entity.xml</ParentUrl>
                            <CaptionKey>quickforms</CaptionKey>
                          </EntitySubFolderContext>
                          <children>
                            <bundleItem modelId="b2741b79-02a2-4f4c-81cd-c204f82cf41c" itemTypeName="Sage.Platform.QuickForms.BundleSupport.QuickFormBundleItem, Sage.Platform.QuickForms">
                              <QuickFormBundleItem xmlns:xsi="http://www.w3.org/2001/XMLSchema-instance" xmlns:xsd="http://www.w3.org/2001/XMLSchema">
                                <ItemId>b0d60425-2c55-4e1e-9629-0764d03485f5</ItemId>
                                <Url>\Entity Model\Saleslogix Application Entities\Ticket\QuickForms\TicketMobileDetail.main.quickform.xml</Url>
                                <BundleItemType>ModelItem</BundleItemType>
                                <Caption>TicketMobileDetail</Caption>
                              </QuickFormBundleItem>
                            </bundleItem>
                            <bundleItem modelId="b2741b79-02a2-4f4c-81cd-c204f82cf41c" itemTypeName="Sage.Platform.QuickForms.BundleSupport.QuickFormBundleItem, Sage.Platform.QuickForms">
                              <QuickFormBundleItem xmlns:xsi="http://www.w3.org/2001/XMLSchema-instance" xmlns:xsd="http://www.w3.org/2001/XMLSchema">
                                <ItemId>fc5080d1-2d69-4544-96eb-01d712c7a305</ItemId>
                                <Url>\Entity Model\Saleslogix Application Entities\Ticket\QuickForms\TicketMobileDetailMore.main.quickform.xml</Url>
                                <BundleItemType>ModelItem</BundleItemType>
                                <Caption>TicketMobileDetailMore</Caption>
                              </QuickFormBundleItem>
                            </bundleItem>
                            <bundleItem modelId="b2741b79-02a2-4f4c-81cd-c204f82cf41c" itemTypeName="Sage.Platform.QuickForms.BundleSupport.QuickFormBundleItem, Sage.Platform.QuickForms">
                              <QuickFormBundleItem xmlns:xsi="http://www.w3.org/2001/XMLSchema-instance" xmlns:xsd="http://www.w3.org/2001/XMLSchema">
                                <ItemId>628e6036-81fe-4efc-a258-288e2276b2cb</ItemId>
                                <Url>\Entity Model\Saleslogix Application Entities\Ticket\QuickForms\TicketMobileDetailEdit.main.quickform.xml</Url>
                                <BundleItemType>ModelItem</BundleItemType>
                                <Caption>TicketMobileDetailEdit</Caption>
                              </QuickFormBundleItem>
                            </bundleItem>
                          </children>
                        </bundleItem>
                      </children>
                    </bundleItem>
                  </children>
                </bundleItem>
              </children>
            </bundleItem>
          </children>
        </bundleItem>
      </children>
    </bundleItem>
  </bundleItemHierarchy>
  <bundleActionHierarchy>
    <bundleItem modelId="af988c91-97c8-4527-b072-e021c9e2cb1a" itemTypeName="Sage.Platform.BundleModel.RootBundleAction, Sage.Platform.BundleModel">
      <RootBundleAction xmlns:xsi="http://www.w3.org/2001/XMLSchema-instance" xmlns:xsd="http://www.w3.org/2001/XMLSchema">
        <ItemId>\Actions</ItemId>
        <Url>\Actions</Url>
        <BundleItemType>Container</BundleItemType>
        <Caption>Bundle Actions</Caption>
      </RootBundleAction>
    </bundleItem>
  </bundleActionHierarchy>
  <itemsToDelete />
  <globalResources />
</BundleManifest>