<?xml version="1.0"?>
<MobileQuickForm xmlns:xsi="http://www.w3.org/2001/XMLSchema-instance" xmlns:xsd="http://www.w3.org/2001/XMLSchema" id="5f1dbdcf-4784-4615-930e-d592da8c5371" DefinitionType="Sage.Platform.QuickForms.MobileQuickFormMainDetailViewDefinition, Sage.Platform.QuickForms" lastModifiedUtc="2015-03-05T18:59:39.4811647Z">
  <ActiveControl />
  <ImagePath />
  <LoadActions />
  <Name>LeadMobileDetail</Name>
  <ClientScriptIncludes />
  <ClientResourceKeys />
  <ExtendedProperties />
  <HelpFile />
  <ReadOnly>false</ReadOnly>
  <GeneratePrintView>false</GeneratePrintView>
  <Controls>
    <Control typeName="Sage.SalesLogix.QuickForms.QFControls.QFSLXPersonName, Sage.SalesLogix.QuickForms.QFControls">
      <QFSLXPersonName>
        <Column>0</Column>
        <Row>0</Row>
        <IsReadOnly>true</IsReadOnly>
        <HotKey>0</HotKey>
        <TabIndex>0</TabIndex>
        <ControlId>QFSLXPersonName</ControlId>
        <DataBindings>
          <QuickFormPropertyDataBindingDefinition>
            <DataSourceID>MainEntity</DataSourceID>
            <DataItemName>FirstName</DataItemName>
            <ControlItemName>NameFirst</ControlItemName>
            <FormatString />
            <NullValueString />
          </QuickFormPropertyDataBindingDefinition>
          <QuickFormPropertyDataBindingDefinition>
            <DataSourceID>MainEntity</DataSourceID>
            <DataItemName>LastName</DataItemName>
            <ControlItemName>NameLast</ControlItemName>
            <FormatString />
            <NullValueString />
          </QuickFormPropertyDataBindingDefinition>
          <QuickFormPropertyDataBindingDefinition>
            <DataSourceID>MainEntity</DataSourceID>
            <DataItemName>Prefix</DataItemName>
            <ControlItemName>NamePrefix</ControlItemName>
            <FormatString />
            <NullValueString />
          </QuickFormPropertyDataBindingDefinition>
          <QuickFormPropertyDataBindingDefinition>
            <DataSourceID>MainEntity</DataSourceID>
            <DataItemName>Suffix</DataItemName>
            <ControlItemName>NameSuffix</ControlItemName>
            <FormatString />
            <NullValueString />
          </QuickFormPropertyDataBindingDefinition>
        </DataBindings>
        <ControlLabelPlacement>left</ControlLabelPlacement>
        <ExtendedProperties />
        <CaptionAlignment>left</CaptionAlignment>
        <StyleScheme />
        <NamePrefix />
        <NameFirst />
        <NameMiddle />
        <NameLast />
        <NameSuffix />
        <OnChangeAction>
          <ResourceKey>QFSLXPersonName</ResourceKey>
          <Action typeName="Sage.Platform.QuickForms.ActionItems.NoActionActionItem, Sage.Platform.QuickForms">
            <NoActionActionItem>
              <MethodName />
            </NoActionActionItem>
          </Action>
          <IsDialogCloseAction>False</IsDialogCloseAction>
          <RunOnEveryRePaint>False</RunOnEveryRePaint>
          <DialogActionResult>NoResult</DialogActionResult>
          <PerformsUpdate>False</PerformsUpdate>
          <AppliedSecurity />
          <RefreshData>False</RefreshData>
        </OnChangeAction>
        <Required>true</Required>
      </QFSLXPersonName>
    </Control>
    <Control typeName="Sage.Platform.QuickForms.Controls.QFTextBox, Sage.Platform.QuickForms">
      <QFTextBox>
        <Column>0</Column>
        <Row>2</Row>
        <IsReadOnly>true</IsReadOnly>
        <HotKey>0</HotKey>
        <TabIndex>0</TabIndex>
        <ControlId>txtCompany</ControlId>
        <DataBindings>
          <QuickFormPropertyDataBindingDefinition>
            <DataSourceID>MainEntity</DataSourceID>
            <DataItemName>Company</DataItemName>
            <ControlItemName>Text</ControlItemName>
            <FormatString />
            <NullValueString />
          </QuickFormPropertyDataBindingDefinition>
        </DataBindings>
        <ControlLabelPlacement>left</ControlLabelPlacement>
        <ExtendedProperties />
        <CaptionAlignment>left</CaptionAlignment>
        <StyleScheme />
        <OnChangeAction>
          <ResourceKey>txtCompany</ResourceKey>
          <Action typeName="Sage.Platform.QuickForms.ActionItems.NoActionActionItem, Sage.Platform.QuickForms">
            <NoActionActionItem>
              <MethodName />
            </NoActionActionItem>
          </Action>
          <IsDialogCloseAction>False</IsDialogCloseAction>
          <RunOnEveryRePaint>False</RunOnEveryRePaint>
          <DialogActionResult>NoResult</DialogActionResult>
          <PerformsUpdate>False</PerformsUpdate>
          <AppliedSecurity />
          <RefreshData>False</RefreshData>
        </OnChangeAction>
        <Required>true</Required>
      </QFTextBox>
    </Control>
    <Control typeName="Sage.SalesLogix.QuickForms.QFControls.QFSLXEmail, Sage.SalesLogix.QuickForms.QFControls">
      <QFSLXEmail>
        <Column>1</Column>
        <Row>2</Row>
        <IsReadOnly>true</IsReadOnly>
        <HotKey>0</HotKey>
        <TabIndex>0</TabIndex>
        <ControlId>QFSLXEmail</ControlId>
        <DataBindings>
          <QuickFormPropertyDataBindingDefinition>
            <DataSourceID>MainEntity</DataSourceID>
            <DataItemName>Email</DataItemName>
            <ControlItemName>Text</ControlItemName>
            <FormatString />
            <NullValueString />
          </QuickFormPropertyDataBindingDefinition>
        </DataBindings>
        <ControlLabelPlacement>left</ControlLabelPlacement>
        <ExtendedProperties />
        <CaptionAlignment>left</CaptionAlignment>
        <StyleScheme />
        <OnChangeAction>
          <ResourceKey>QFSLXEmail</ResourceKey>
          <Action typeName="Sage.Platform.QuickForms.ActionItems.NoActionActionItem, Sage.Platform.QuickForms">
            <NoActionActionItem>
              <MethodName />
            </NoActionActionItem>
          </Action>
          <IsDialogCloseAction>False</IsDialogCloseAction>
          <RunOnEveryRePaint>False</RunOnEveryRePaint>
          <DialogActionResult>NoResult</DialogActionResult>
          <PerformsUpdate>False</PerformsUpdate>
          <AppliedSecurity />
          <RefreshData>False</RefreshData>
        </OnChangeAction>
        <Required>false</Required>
      </QFSLXEmail>
    </Control>
    <Control typeName="Sage.SalesLogix.QuickForms.QFControls.QFSLXPhone, Sage.SalesLogix.QuickForms.QFControls">
      <QFSLXPhone>
        <Column>1</Column>
        <Row>0</Row>
        <IsReadOnly>true</IsReadOnly>
        <HotKey>0</HotKey>
        <TabIndex>0</TabIndex>
        <ControlId>QFSLXPhone</ControlId>
        <DataBindings>
          <QuickFormPropertyDataBindingDefinition>
            <DataSourceID>MainEntity</DataSourceID>
            <DataItemName>WorkPhone</DataItemName>
            <ControlItemName>Text</ControlItemName>
            <FormatString />
            <NullValueString />
          </QuickFormPropertyDataBindingDefinition>
        </DataBindings>
        <ControlLabelPlacement>left</ControlLabelPlacement>
        <ExtendedProperties />
        <CaptionAlignment>left</CaptionAlignment>
        <StyleScheme />
        <OnChangeAction>
          <ResourceKey>QFSLXPhone</ResourceKey>
          <Action typeName="Sage.Platform.QuickForms.ActionItems.NoActionActionItem, Sage.Platform.QuickForms">
            <NoActionActionItem>
              <MethodName />
            </NoActionActionItem>
          </Action>
          <IsDialogCloseAction>False</IsDialogCloseAction>
          <RunOnEveryRePaint>False</RunOnEveryRePaint>
          <DialogActionResult>NoResult</DialogActionResult>
          <PerformsUpdate>False</PerformsUpdate>
          <AppliedSecurity />
          <RefreshData>False</RefreshData>
        </OnChangeAction>
        <Required>false</Required>
      </QFSLXPhone>
    </Control>
    <Control typeName="Sage.SalesLogix.QuickForms.QFControls.QFSLXPhone, Sage.SalesLogix.QuickForms.QFControls">
      <QFSLXPhone>
        <Column>1</Column>
        <Row>1</Row>
        <IsReadOnly>true</IsReadOnly>
        <HotKey>0</HotKey>
        <TabIndex>0</TabIndex>
        <ControlId>phoneMobile</ControlId>
        <DataBindings>
          <QuickFormPropertyDataBindingDefinition>
            <DataSourceID>MainEntity</DataSourceID>
            <DataItemName>Mobile</DataItemName>
            <ControlItemName>Text</ControlItemName>
            <FormatString />
            <NullValueString />
          </QuickFormPropertyDataBindingDefinition>
        </DataBindings>
        <ControlLabelPlacement>left</ControlLabelPlacement>
        <ExtendedProperties />
        <CaptionAlignment>left</CaptionAlignment>
        <StyleScheme />
        <OnChangeAction>
          <ResourceKey>phoneMobile</ResourceKey>
          <Action typeName="Sage.Platform.QuickForms.ActionItems.NoActionActionItem, Sage.Platform.QuickForms">
            <NoActionActionItem>
              <MethodName />
            </NoActionActionItem>
          </Action>
          <IsDialogCloseAction>False</IsDialogCloseAction>
          <RunOnEveryRePaint>False</RunOnEveryRePaint>
          <DialogActionResult>NoResult</DialogActionResult>
          <PerformsUpdate>False</PerformsUpdate>
          <AppliedSecurity />
          <RefreshData>False</RefreshData>
        </OnChangeAction>
        <Required>false</Required>
      </QFSLXPhone>
    </Control>
  </Controls>
  <ToolControls>
    <Control typeName="Sage.Platform.QuickForms.Controls.QFElementSpacer, Sage.Platform.QuickForms">
      <QFElementSpacer>
        <Column>0</Column>
        <Row>0</Row>
        <HotKey>0</HotKey>
        <TabIndex>0</TabIndex>
        <ControlId>c40a0cc443042a2b534ca2cc7570b62</ControlId>
        <DataBindings />
        <ControlLabelPlacement>left</ControlLabelPlacement>
        <ExtendedProperties />
        <CaptionAlignment>left</CaptionAlignment>
        <StyleScheme />
      </QFElementSpacer>
    </Control>
    <Control typeName="Sage.Platform.QuickForms.Controls.QFElementSpacer, Sage.Platform.QuickForms">
      <QFElementSpacer>
        <Column>0</Column>
        <Row>0</Row>
        <HotKey>0</HotKey>
        <TabIndex>0</TabIndex>
        <ControlId>aa7226a3344563b87d35b733e19921</ControlId>
        <DataBindings />
        <ControlLabelPlacement>left</ControlLabelPlacement>
        <ExtendedProperties />
        <CaptionAlignment>left</CaptionAlignment>
        <StyleScheme />
      </QFElementSpacer>
    </Control>
  </ToolControls>
  <Columns>
    <ColumnStyle>
      <SizeType>Percent</SizeType>
      <Width>50</Width>
    </ColumnStyle>
    <ColumnStyle>
      <SizeType>Percent</SizeType>
      <Width>50</Width>
    </ColumnStyle>
  </Columns>
  <Rows>
    <RowStyle>
      <SizeType>Absolute</SizeType>
      <Height>35</Height>
    </RowStyle>
    <RowStyle>
      <SizeType>Absolute</SizeType>
      <Height>35</Height>
    </RowStyle>
    <RowStyle>
      <SizeType>Absolute</SizeType>
      <Height>35</Height>
    </RowStyle>
    <RowStyle>
      <SizeType>Absolute</SizeType>
      <Height>35</Height>
    </RowStyle>
  </Rows>
  <Description>Detail</Description>
  <UseEntityNameAsTitle>true</UseEntityNameAsTitle>
  <EntityTypeName>ILead</EntityTypeName>
  <DefaultNamespace>Sage.Entity.Interfaces</DefaultNamespace>
  <AssemblyName>Sage.Entity.Interfaces</AssemblyName>
</MobileQuickForm>