<?xml version="1.0"?>
<MobileQuickForm xmlns:xsi="http://www.w3.org/2001/XMLSchema-instance" xmlns:xsd="http://www.w3.org/2001/XMLSchema" id="5c70f670-7469-487b-ab20-27ad5ff8ddf7" DefinitionType="Sage.Platform.QuickForms.MobileQuickFormMainDetailViewDefinition, Sage.Platform.QuickForms" lastModifiedUtc="2015-03-04T23:47:12.6799597Z">
  <ActiveControl />
  <ImagePath />
  <LoadActions />
  <Name>AccountMobileDetailMore</Name>
  <ClientScriptIncludes />
  <ClientResourceKeys />
  <ExtendedProperties />
  <HelpFile />
  <ReadOnly>false</ReadOnly>
  <GeneratePrintView>false</GeneratePrintView>
  <Controls>
    <Control typeName="Sage.SalesLogix.QuickForms.QFControls.QFSLXUser, Sage.SalesLogix.QuickForms.QFControls">
      <QFSLXUser>
        <Column>0</Column>
        <Row>0</Row>
        <HotKey>0</HotKey>
        <TabIndex>0</TabIndex>
        <ControlId>userAccountMgr</ControlId>
        <DataBindings>
          <QuickFormPropertyDataBindingDefinition>
            <DataSourceID>MainEntity</DataSourceID>
            <DataItemName>AccountManager</DataItemName>
            <ControlItemName>LookupResultValue</ControlItemName>
            <FormatString />
            <NullValueString />
          </QuickFormPropertyDataBindingDefinition>
        </DataBindings>
        <ControlLabelPlacement>left</ControlLabelPlacement>
        <ExtendedProperties />
        <CaptionAlignment>left</CaptionAlignment>
        <StyleScheme />
        <OnChangeAction>
          <ResourceKey>userAccountMgr</ResourceKey>
          <Action typeName="Sage.Platform.QuickForms.ActionItems.NoActionActionItem, Sage.Platform.QuickForms">
            <NoActionActionItem>
              <MethodName />
            </NoActionActionItem>
          </Action>
          <IsDialogCloseAction>False</IsDialogCloseAction>
          <RunOnEveryRePaint>False</RunOnEveryRePaint>
          <DialogActionResult>NoResult</DialogActionResult>
          <PerformsUpdate>False</PerformsUpdate>
          <AppliedSecurity />
          <RefreshData>False</RefreshData>
        </OnChangeAction>
        <Required>true</Required>
        <ShowNonLoginUsers>false</ShowNonLoginUsers>
        <LookupBindingMode>Object</LookupBindingMode>
        <LookupResultValue xsi:type="xsd:string" />
        <AutoPostBack>false</AutoPostBack>
      </QFSLXUser>
    </Control>
    <Control typeName="Sage.SalesLogix.QuickForms.QFControls.QFSLXOwner, Sage.SalesLogix.QuickForms.QFControls">
      <QFSLXOwner>
        <Column>0</Column>
        <Row>1</Row>
        <HotKey>0</HotKey>
        <TabIndex>0</TabIndex>
        <ControlId>QFSLXOwner</ControlId>
        <DataBindings>
          <QuickFormPropertyDataBindingDefinition>
            <DataSourceID>MainEntity</DataSourceID>
            <DataItemName>Owner</DataItemName>
            <ControlItemName>LookupResultValue</ControlItemName>
            <FormatString />
            <NullValueString />
          </QuickFormPropertyDataBindingDefinition>
        </DataBindings>
        <ControlLabelPlacement>left</ControlLabelPlacement>
        <ExtendedProperties />
        <CaptionAlignment>left</CaptionAlignment>
        <StyleScheme />
        <OnChangeAction>
          <ResourceKey>QFSLXOwner</ResourceKey>
          <Action typeName="Sage.Platform.QuickForms.ActionItems.NoActionActionItem, Sage.Platform.QuickForms">
            <NoActionActionItem>
              <MethodName />
            </NoActionActionItem>
          </Action>
          <IsDialogCloseAction>False</IsDialogCloseAction>
          <RunOnEveryRePaint>False</RunOnEveryRePaint>
          <DialogActionResult>NoResult</DialogActionResult>
          <PerformsUpdate>False</PerformsUpdate>
          <AppliedSecurity />
          <RefreshData>False</RefreshData>
        </OnChangeAction>
        <Required>true</Required>
        <LookupResultValue xsi:type="xsd:string" />
        <AutoPostBack>false</AutoPostBack>
      </QFSLXOwner>
    </Control>
    <Control typeName="Sage.SalesLogix.QuickForms.QFControls.QFSLXPickList, Sage.SalesLogix.QuickForms.QFControls">
      <QFSLXPickList>
        <Column>0</Column>
        <Row>2</Row>
        <HotKey>0</HotKey>
        <TabIndex>0</TabIndex>
        <ControlId>pklType</ControlId>
        <DataBindings>
          <QuickFormPropertyDataBindingDefinition>
            <DataSourceID>MainEntity</DataSourceID>
            <DataItemName>Type</DataItemName>
            <ControlItemName>PickListValue</ControlItemName>
            <FormatString />
            <NullValueString />
          </QuickFormPropertyDataBindingDefinition>
        </DataBindings>
        <ControlLabelPlacement>left</ControlLabelPlacement>
        <ExtendedProperties />
        <CaptionAlignment>left</CaptionAlignment>
        <StyleScheme />
        <MaxLength>64</MaxLength>
        <OnChangeAction>
          <ResourceKey>pklType</ResourceKey>
          <Action typeName="Sage.Platform.QuickForms.ActionItems.NoActionActionItem, Sage.Platform.QuickForms">
            <NoActionActionItem>
              <MethodName />
            </NoActionActionItem>
          </Action>
          <IsDialogCloseAction>False</IsDialogCloseAction>
          <RunOnEveryRePaint>False</RunOnEveryRePaint>
          <DialogActionResult>NoResult</DialogActionResult>
          <PerformsUpdate>False</PerformsUpdate>
          <AppliedSecurity />
          <RefreshData>False</RefreshData>
        </OnChangeAction>
        <Required>false</Required>
        <AutoPostBack>false</AutoPostBack>
        <PickListName>Account Type</PickListName>
        <StorageMode>Text</StorageMode>
        <NameFormatString />
        <AllowMultiples>false</AllowMultiples>
        <AlphaSort>false</AlphaSort>
        <MustExistInList>false</MustExistInList>
        <NoneEditable>false</NoneEditable>
        <PickListId />
        <ValueStoredAsText>true</ValueStoredAsText>
      </QFSLXPickList>
    </Control>
    <Control typeName="Sage.SalesLogix.QuickForms.QFControls.QFDateTimePicker, Sage.SalesLogix.QuickForms.QFControls">
      <QFDateTimePicker>
        <Column>1</Column>
        <Row>0</Row>
        <HotKey>0</HotKey>
        <TabIndex>0</TabIndex>
        <ControlId>dtLastModifed</ControlId>
        <DataBindings>
          <QuickFormPropertyDataBindingDefinition>
            <DataSourceID>MainEntity</DataSourceID>
            <DataItemName>ModifyDate</DataItemName>
            <ControlItemName>DateTimeValue</ControlItemName>
            <FormatString />
            <NullValueString />
          </QuickFormPropertyDataBindingDefinition>
        </DataBindings>
        <ControlLabelPlacement>left</ControlLabelPlacement>
        <ExtendedProperties />
        <CaptionAlignment>left</CaptionAlignment>
        <StyleScheme />
        <OnChangeAction>
          <ResourceKey>dtLastModifed</ResourceKey>
          <Action typeName="Sage.Platform.QuickForms.ActionItems.NoActionActionItem, Sage.Platform.QuickForms">
            <NoActionActionItem>
              <MethodName />
            </NoActionActionItem>
          </Action>
          <IsDialogCloseAction>False</IsDialogCloseAction>
          <RunOnEveryRePaint>False</RunOnEveryRePaint>
          <DialogActionResult>NoResult</DialogActionResult>
          <PerformsUpdate>False</PerformsUpdate>
          <AppliedSecurity />
          <RefreshData>False</RefreshData>
        </OnChangeAction>
        <Required>false</Required>
        <DateTimeValue xsi:nil="true" />
        <SelectedDateTime>0001-01-01T00:00:00</SelectedDateTime>
        <DateOnly>true</DateOnly>
        <DisplayTime>false</DisplayTime>
        <BoundFieldType>DateTime</BoundFieldType>
        <AutoPostBack>false</AutoPostBack>
        <Timeless>false</Timeless>
      </QFDateTimePicker>
    </Control>
    <Control typeName="Sage.SalesLogix.QuickForms.QFControls.QFSLXCurrency, Sage.SalesLogix.QuickForms.QFControls">
      <QFSLXCurrency>
        <Column>1</Column>
        <Row>1</Row>
        <HotKey>0</HotKey>
        <TabIndex>0</TabIndex>
        <ControlId>curRevenue</ControlId>
        <DataBindings>
          <QuickFormPropertyDataBindingDefinition>
            <DataSourceID>MainEntity</DataSourceID>
            <DataItemName>Revenue</DataItemName>
            <ControlItemName>Text</ControlItemName>
            <FormatString />
            <NullValueString />
          </QuickFormPropertyDataBindingDefinition>
        </DataBindings>
        <ControlLabelPlacement>left</ControlLabelPlacement>
        <ExtendedProperties />
        <CaptionAlignment>left</CaptionAlignment>
        <StyleScheme />
        <OnChangeAction>
          <ResourceKey>curRevenue</ResourceKey>
          <Action typeName="Sage.Platform.QuickForms.ActionItems.NoActionActionItem, Sage.Platform.QuickForms">
            <NoActionActionItem>
              <MethodName />
            </NoActionActionItem>
          </Action>
          <IsDialogCloseAction>False</IsDialogCloseAction>
          <RunOnEveryRePaint>False</RunOnEveryRePaint>
          <DialogActionResult>NoResult</DialogActionResult>
          <PerformsUpdate>False</PerformsUpdate>
          <AppliedSecurity />
          <RefreshData>False</RefreshData>
        </OnChangeAction>
        <Required>false</Required>
        <CurrentCode />
        <ExchangeRate>1</ExchangeRate>
        <ExchangeRateType>BaseRate</ExchangeRateType>
        <DecimalDigits>1</DecimalDigits>
      </QFSLXCurrency>
    </Control>
  </Controls>
  <ToolControls>
    <Control typeName="Sage.Platform.QuickForms.Controls.QFElementSpacer, Sage.Platform.QuickForms">
      <QFElementSpacer>
        <Column>0</Column>
        <Row>0</Row>
        <HotKey>0</HotKey>
        <TabIndex>0</TabIndex>
        <ControlId>3bfbe1b0664edf84e4fa295d455c06</ControlId>
        <DataBindings />
        <ControlLabelPlacement>left</ControlLabelPlacement>
        <ExtendedProperties />
        <CaptionAlignment>left</CaptionAlignment>
        <StyleScheme />
      </QFElementSpacer>
    </Control>
    <Control typeName="Sage.Platform.QuickForms.Controls.QFElementSpacer, Sage.Platform.QuickForms">
      <QFElementSpacer>
        <Column>0</Column>
        <Row>0</Row>
        <HotKey>0</HotKey>
        <TabIndex>0</TabIndex>
        <ControlId>82b461425f41388d1320ce8dbe5119</ControlId>
        <DataBindings />
        <ControlLabelPlacement>left</ControlLabelPlacement>
        <ExtendedProperties />
        <CaptionAlignment>left</CaptionAlignment>
        <StyleScheme />
      </QFElementSpacer>
    </Control>
  </ToolControls>
  <Columns>
    <ColumnStyle>
      <SizeType>Percent</SizeType>
      <Width>50</Width>
    </ColumnStyle>
    <ColumnStyle>
      <SizeType>Percent</SizeType>
      <Width>50</Width>
    </ColumnStyle>
  </Columns>
  <Rows>
    <RowStyle>
      <SizeType>Absolute</SizeType>
      <Height>35</Height>
    </RowStyle>
    <RowStyle>
      <SizeType>Absolute</SizeType>
      <Height>35</Height>
    </RowStyle>
    <RowStyle>
      <SizeType>Absolute</SizeType>
      <Height>35</Height>
    </RowStyle>
  </Rows>
  <Description>More Detail</Description>
  <UseEntityNameAsTitle>true</UseEntityNameAsTitle>
  <EntityTypeName>IAccount</EntityTypeName>
  <DefaultNamespace>Sage.Entity.Interfaces</DefaultNamespace>
  <AssemblyName>Sage.Entity.Interfaces</AssemblyName>
</MobileQuickForm>