<?xml version="1.0"?>
<MobileQuickForm xmlns:xsi="http://www.w3.org/2001/XMLSchema-instance" xmlns:xsd="http://www.w3.org/2001/XMLSchema" id="9ed9ad74-4ad9-4c05-a116-3ecc129f3202" DefinitionType="Sage.Platform.QuickForms.MobileQuickFormMainDetailViewDefinition, Sage.Platform.QuickForms" lastModifiedUtc="2015-03-12T18:52:41.1465108Z">
  <ActiveControl />
  <ImagePath />
  <LoadActions />
  <Name>AccountMobileDetail</Name>
  <ClientScriptIncludes />
  <ClientResourceKeys />
  <ExtendedProperties />
  <HelpFile />
  <ReadOnly>false</ReadOnly>
  <GeneratePrintView>false</GeneratePrintView>
  <Controls>
    <Control typeName="Sage.Platform.QuickForms.Controls.QFTextBox, Sage.Platform.QuickForms">
      <QFTextBox>
        <Column>0</Column>
        <Row>0</Row>
        <IsReadOnly>true</IsReadOnly>
        <HotKey>0</HotKey>
        <TabIndex>0</TabIndex>
        <ControlId>QFTextBox</ControlId>
        <DataBindings>
          <QuickFormPropertyDataBindingDefinition>
            <DataSourceID>MainEntity</DataSourceID>
            <DataItemName>AccountName</DataItemName>
            <ControlItemName>Text</ControlItemName>
            <FormatString />
            <NullValueString />
          </QuickFormPropertyDataBindingDefinition>
        </DataBindings>
        <ControlLabelPlacement>left</ControlLabelPlacement>
        <ExtendedProperties />
        <CaptionAlignment>left</CaptionAlignment>
        <StyleScheme />
        <MaxLength>128</MaxLength>
        <OnChangeAction>
          <ResourceKey>QFTextBox</ResourceKey>
          <Action typeName="Sage.Platform.QuickForms.ActionItems.NoActionActionItem, Sage.Platform.QuickForms">
            <NoActionActionItem>
              <MethodName />
            </NoActionActionItem>
          </Action>
          <IsDialogCloseAction>False</IsDialogCloseAction>
          <RunOnEveryRePaint>False</RunOnEveryRePaint>
          <DialogActionResult>NoResult</DialogActionResult>
          <PerformsUpdate>False</PerformsUpdate>
          <AppliedSecurity />
          <RefreshData>False</RefreshData>
        </OnChangeAction>
        <Required>true</Required>
      </QFTextBox>
    </Control>
    <Control typeName="Sage.SalesLogix.QuickForms.QFControls.QFSLXPhone, Sage.SalesLogix.QuickForms.QFControls">
      <QFSLXPhone>
        <Column>0</Column>
        <Row>1</Row>
        <IsReadOnly>true</IsReadOnly>
        <HotKey>0</HotKey>
        <TabIndex>0</TabIndex>
        <ControlId>QFSLXPhone</ControlId>
        <DataBindings>
          <QuickFormPropertyDataBindingDefinition>
            <DataSourceID>MainEntity</DataSourceID>
            <DataItemName>MainPhone</DataItemName>
            <ControlItemName>Text</ControlItemName>
            <FormatString />
            <NullValueString />
          </QuickFormPropertyDataBindingDefinition>
        </DataBindings>
        <ControlLabelPlacement>left</ControlLabelPlacement>
        <ExtendedProperties />
        <CaptionAlignment>left</CaptionAlignment>
        <StyleScheme />
        <MaxLength>32</MaxLength>
        <OnChangeAction>
          <ResourceKey>QFSLXPhone</ResourceKey>
          <Action typeName="Sage.Platform.QuickForms.ActionItems.NoActionActionItem, Sage.Platform.QuickForms">
            <NoActionActionItem>
              <MethodName />
            </NoActionActionItem>
          </Action>
          <IsDialogCloseAction>False</IsDialogCloseAction>
          <RunOnEveryRePaint>False</RunOnEveryRePaint>
          <DialogActionResult>NoResult</DialogActionResult>
          <PerformsUpdate>False</PerformsUpdate>
          <AppliedSecurity />
          <RefreshData>False</RefreshData>
        </OnChangeAction>
        <Required>false</Required>
      </QFSLXPhone>
    </Control>
    <Control typeName="Sage.SalesLogix.QuickForms.QFControls.QFSLXAddress, Sage.SalesLogix.QuickForms.QFControls">
      <QFSLXAddress>
        <Column>0</Column>
        <Row>2</Row>
        <IsReadOnly>true</IsReadOnly>
        <HotKey>0</HotKey>
        <TabIndex>0</TabIndex>
        <ControlId>QFSLXAddress</ControlId>
        <DataBindings>
          <QuickFormPropertyDataBindingDefinition>
            <DataSourceID>MainEntity</DataSourceID>
            <DataItemName>Address.Address1</DataItemName>
            <ControlItemName>AddressDesc1</ControlItemName>
            <FormatString />
            <NullValueString />
          </QuickFormPropertyDataBindingDefinition>
        </DataBindings>
        <ControlLabelPlacement>left</ControlLabelPlacement>
        <ExtendedProperties />
        <CaptionAlignment>left</CaptionAlignment>
        <StyleScheme />
        <AddressDescriptionPickListId>kSYST0000014</AddressDescriptionPickListId>
        <AddressDescriptionPickListName>Address Description (Account)</AddressDescriptionPickListName>
        <AddressDisplay />
        <AddressDescription />
        <PrimaryAddress>false</PrimaryAddress>
        <AddressIsPrimary>false</AddressIsPrimary>
        <AddressIsMailing>false</AddressIsMailing>
        <AddressType />
        <AddressDesc1 />
        <AddressDesc2 />
        <AddressDesc3 />
        <AddressCity />
        <AddressState />
        <AddressPostalCode />
        <AddressCountry />
        <AddressCounty />
        <AddressSalutation />
        <OnChangeAction>
          <ResourceKey>QFSLXAddress</ResourceKey>
          <Action typeName="Sage.Platform.QuickForms.ActionItems.NoActionActionItem, Sage.Platform.QuickForms">
            <NoActionActionItem>
              <MethodName />
            </NoActionActionItem>
          </Action>
          <IsDialogCloseAction>False</IsDialogCloseAction>
          <RunOnEveryRePaint>False</RunOnEveryRePaint>
          <DialogActionResult>NoResult</DialogActionResult>
          <PerformsUpdate>False</PerformsUpdate>
          <AppliedSecurity />
          <RefreshData>False</RefreshData>
        </OnChangeAction>
      </QFSLXAddress>
    </Control>
    <Control typeName="Sage.SalesLogix.QuickForms.QFControls.QFSLXPickList, Sage.SalesLogix.QuickForms.QFControls">
      <QFSLXPickList>
        <Column>0</Column>
        <Row>3</Row>
        <IsReadOnly>true</IsReadOnly>
        <HotKey>0</HotKey>
        <TabIndex>0</TabIndex>
        <ControlId>pklStatus</ControlId>
        <DataBindings>
          <QuickFormPropertyDataBindingDefinition>
            <DataSourceID>MainEntity</DataSourceID>
            <DataItemName>Status</DataItemName>
            <ControlItemName>PickListValue</ControlItemName>
            <FormatString />
            <NullValueString />
          </QuickFormPropertyDataBindingDefinition>
        </DataBindings>
        <ControlLabelPlacement>left</ControlLabelPlacement>
        <ExtendedProperties />
        <CaptionAlignment>left</CaptionAlignment>
        <StyleScheme />
        <MaxLength>64</MaxLength>
        <OnChangeAction>
          <ResourceKey>pklStatus</ResourceKey>
          <Action typeName="Sage.Platform.QuickForms.ActionItems.NoActionActionItem, Sage.Platform.QuickForms">
            <NoActionActionItem>
              <MethodName />
            </NoActionActionItem>
          </Action>
          <IsDialogCloseAction>False</IsDialogCloseAction>
          <RunOnEveryRePaint>False</RunOnEveryRePaint>
          <DialogActionResult>NoResult</DialogActionResult>
          <PerformsUpdate>False</PerformsUpdate>
          <AppliedSecurity />
          <RefreshData>False</RefreshData>
        </OnChangeAction>
        <Required>false</Required>
        <AutoPostBack>false</AutoPostBack>
        <PickListName>Account Status</PickListName>
        <StorageMode>Text</StorageMode>
        <NameFormatString />
        <AllowMultiples>false</AllowMultiples>
        <AlphaSort>false</AlphaSort>
        <MustExistInList>false</MustExistInList>
        <NoneEditable>false</NoneEditable>
        <PickListId />
        <ValueStoredAsText>true</ValueStoredAsText>
      </QFSLXPickList>
    </Control>
  </Controls>
  <ToolControls>
    <Control typeName="Sage.Platform.QuickForms.Controls.QFElementSpacer, Sage.Platform.QuickForms">
      <QFElementSpacer>
        <Column>0</Column>
        <Row>0</Row>
        <HotKey>0</HotKey>
        <TabIndex>0</TabIndex>
        <ControlId>f749bcc889458db5d58964504ed5b3</ControlId>
        <DataBindings />
        <ControlLabelPlacement>left</ControlLabelPlacement>
        <ExtendedProperties />
        <CaptionAlignment>left</CaptionAlignment>
        <StyleScheme />
      </QFElementSpacer>
    </Control>
    <Control typeName="Sage.Platform.QuickForms.Controls.QFElementSpacer, Sage.Platform.QuickForms">
      <QFElementSpacer>
        <Column>0</Column>
        <Row>0</Row>
        <HotKey>0</HotKey>
        <TabIndex>0</TabIndex>
        <ControlId>f69b2dd85bd04234b3386865ac275681</ControlId>
        <DataBindings />
        <ControlLabelPlacement>left</ControlLabelPlacement>
        <ExtendedProperties />
        <CaptionAlignment>left</CaptionAlignment>
        <StyleScheme />
      </QFElementSpacer>
    </Control>
  </ToolControls>
  <Columns>
    <ColumnStyle>
      <SizeType>Percent</SizeType>
      <Width>50</Width>
    </ColumnStyle>
    <ColumnStyle>
      <SizeType>Percent</SizeType>
      <Width>50</Width>
    </ColumnStyle>
  </Columns>
  <Rows>
    <RowStyle>
      <SizeType>Absolute</SizeType>
      <Height>35</Height>
    </RowStyle>
    <RowStyle>
      <SizeType>Absolute</SizeType>
      <Height>35</Height>
    </RowStyle>
    <RowStyle>
      <SizeType>Absolute</SizeType>
      <Height>35</Height>
    </RowStyle>
    <RowStyle>
      <SizeType>Absolute</SizeType>
      <Height>35</Height>
    </RowStyle>
  </Rows>
  <Description>Detail</Description>
  <UseEntityNameAsTitle>true</UseEntityNameAsTitle>
  <EntityTypeName>IAccount</EntityTypeName>
  <DefaultNamespace>Sage.Entity.Interfaces</DefaultNamespace>
  <AssemblyName>Sage.Entity.Interfaces</AssemblyName>
</MobileQuickForm>