<?xml version="1.0"?>
<MobileQuickForm xmlns:xsi="http://www.w3.org/2001/XMLSchema-instance" xmlns:xsd="http://www.w3.org/2001/XMLSchema" id="628e6036-81fe-4efc-a258-288e2276b2cb" DefinitionType="Sage.Platform.QuickForms.MobileQuickFormMainDetailViewDefinition, Sage.Platform.QuickForms" lastModifiedUtc="2015-03-05T22:44:48.2728234Z">
  <ActiveControl />
  <ImagePath />
  <LoadActions />
  <Name>TicketMobileDetailEdit</Name>
  <ClientScriptIncludes />
  <ClientResourceKeys />
  <ExtendedProperties />
  <HelpFile />
  <ReadOnly>false</ReadOnly>
  <GeneratePrintView>false</GeneratePrintView>
  <Controls>
    <Control typeName="Sage.SalesLogix.QuickForms.QFControls.QFSLXPickList, Sage.SalesLogix.QuickForms.QFControls">
      <QFSLXPickList>
        <Column>0</Column>
        <Row>0</Row>
        <HotKey>0</HotKey>
        <TabIndex>0</TabIndex>
        <ControlId>pklStatus</ControlId>
        <DataBindings>
          <QuickFormPropertyDataBindingDefinition>
            <DataSourceID>MainEntity</DataSourceID>
            <DataItemName>StatusCode</DataItemName>
            <ControlItemName>PickListValue</ControlItemName>
            <FormatString />
            <NullValueString />
          </QuickFormPropertyDataBindingDefinition>
        </DataBindings>
        <ControlLabelPlacement>left</ControlLabelPlacement>
        <ExtendedProperties />
        <CaptionAlignment>left</CaptionAlignment>
        <StyleScheme />
        <MaxLength>64</MaxLength>
        <OnChangeAction>
          <ResourceKey>pklStatus</ResourceKey>
          <Action typeName="Sage.Platform.QuickForms.ActionItems.NoActionActionItem, Sage.Platform.QuickForms">
            <NoActionActionItem>
              <MethodName />
            </NoActionActionItem>
          </Action>
          <IsDialogCloseAction>False</IsDialogCloseAction>
          <RunOnEveryRePaint>False</RunOnEveryRePaint>
          <DialogActionResult>NoResult</DialogActionResult>
          <PerformsUpdate>False</PerformsUpdate>
          <AppliedSecurity />
          <RefreshData>False</RefreshData>
        </OnChangeAction>
        <Required>false</Required>
        <AutoPostBack>false</AutoPostBack>
        <PickListName>Ticket Status</PickListName>
        <StorageMode>ID</StorageMode>
        <NameFormatString />
        <AllowMultiples>false</AllowMultiples>
        <AlphaSort>false</AlphaSort>
        <MustExistInList>false</MustExistInList>
        <NoneEditable>false</NoneEditable>
        <PickListId />
        <ValueStoredAsText>false</ValueStoredAsText>
      </QFSLXPickList>
    </Control>
    <Control typeName="Sage.Platform.QuickForms.Controls.QFTextBox, Sage.Platform.QuickForms">
      <QFTextBox>
        <Column>0</Column>
        <Row>1</Row>
        <HotKey>0</HotKey>
        <TabIndex>0</TabIndex>
        <ControlId>txtNotes</ControlId>
        <DataBindings>
          <QuickFormPropertyDataBindingDefinition>
            <DataSourceID>MainEntity</DataSourceID>
            <DataItemName>Notes</DataItemName>
            <ControlItemName>Text</ControlItemName>
            <FormatString />
            <NullValueString />
          </QuickFormPropertyDataBindingDefinition>
        </DataBindings>
        <ControlLabelPlacement>left</ControlLabelPlacement>
        <ExtendedProperties />
        <CaptionAlignment>left</CaptionAlignment>
        <StyleScheme />
        <Lines>2</Lines>
        <OnChangeAction>
          <ResourceKey>txtNotes</ResourceKey>
          <Action typeName="Sage.Platform.QuickForms.ActionItems.NoActionActionItem, Sage.Platform.QuickForms">
            <NoActionActionItem>
              <MethodName />
            </NoActionActionItem>
          </Action>
          <IsDialogCloseAction>False</IsDialogCloseAction>
          <RunOnEveryRePaint>False</RunOnEveryRePaint>
          <DialogActionResult>NoResult</DialogActionResult>
          <PerformsUpdate>False</PerformsUpdate>
          <AppliedSecurity />
          <RefreshData>False</RefreshData>
        </OnChangeAction>
        <Required>false</Required>
      </QFTextBox>
    </Control>
    <Control typeName="Sage.Platform.QuickForms.Controls.QFTextBox, Sage.Platform.QuickForms">
      <QFTextBox>
        <Column>0</Column>
        <Row>1</Row>
        <HotKey>0</HotKey>
        <TabIndex>0</TabIndex>
        <ControlId>txtProblem</ControlId>
        <DataBindings>
          <QuickFormPropertyDataBindingDefinition>
            <DataSourceID>MainEntity</DataSourceID>
            <DataItemName>TicketProblem.Notes</DataItemName>
            <ControlItemName>Text</ControlItemName>
            <FormatString />
            <NullValueString />
          </QuickFormPropertyDataBindingDefinition>
        </DataBindings>
        <ControlLabelPlacement>left</ControlLabelPlacement>
        <ExtendedProperties />
        <CaptionAlignment>left</CaptionAlignment>
        <StyleScheme />
        <Lines>2</Lines>
        <OnChangeAction>
          <ResourceKey>txtProblem</ResourceKey>
          <Action typeName="Sage.Platform.QuickForms.ActionItems.NoActionActionItem, Sage.Platform.QuickForms">
            <NoActionActionItem>
              <MethodName />
            </NoActionActionItem>
          </Action>
          <IsDialogCloseAction>False</IsDialogCloseAction>
          <RunOnEveryRePaint>False</RunOnEveryRePaint>
          <DialogActionResult>NoResult</DialogActionResult>
          <PerformsUpdate>False</PerformsUpdate>
          <AppliedSecurity />
          <RefreshData>False</RefreshData>
        </OnChangeAction>
        <Required>false</Required>
      </QFTextBox>
    </Control>
  </Controls>
  <ToolControls>
    <Control typeName="Sage.Platform.QuickForms.Controls.QFElementSpacer, Sage.Platform.QuickForms">
      <QFElementSpacer>
        <Column>0</Column>
        <Row>0</Row>
        <HotKey>0</HotKey>
        <TabIndex>0</TabIndex>
        <ControlId>b8f669efb1f4a6ba8d059e5d13c04e8</ControlId>
        <DataBindings />
        <ControlLabelPlacement>left</ControlLabelPlacement>
        <ExtendedProperties />
        <CaptionAlignment>left</CaptionAlignment>
        <StyleScheme />
      </QFElementSpacer>
    </Control>
    <Control typeName="Sage.Platform.QuickForms.Controls.QFElementSpacer, Sage.Platform.QuickForms">
      <QFElementSpacer>
        <Column>0</Column>
        <Row>0</Row>
        <HotKey>0</HotKey>
        <TabIndex>0</TabIndex>
        <ControlId>672ce0916ee4771b3925c19d5e50fec</ControlId>
        <DataBindings />
        <ControlLabelPlacement>left</ControlLabelPlacement>
        <ExtendedProperties />
        <CaptionAlignment>left</CaptionAlignment>
        <StyleScheme />
      </QFElementSpacer>
    </Control>
  </ToolControls>
  <Columns>
    <ColumnStyle>
      <SizeType>Percent</SizeType>
      <Width>100</Width>
    </ColumnStyle>
  </Columns>
  <Rows>
    <RowStyle>
      <SizeType>Absolute</SizeType>
      <Height>35</Height>
    </RowStyle>
    <RowStyle>
      <SizeType>Absolute</SizeType>
      <Height>35</Height>
    </RowStyle>
    <RowStyle>
      <SizeType>Absolute</SizeType>
      <Height>35</Height>
    </RowStyle>
  </Rows>
  <Description />
  <UseEntityNameAsTitle>true</UseEntityNameAsTitle>
  <EntityTypeName>ITicket</EntityTypeName>
  <DefaultNamespace>Sage.Entity.Interfaces</DefaultNamespace>
  <AssemblyName>Sage.Entity.Interfaces</AssemblyName>
</MobileQuickForm>